{
	"credit": "Made with Blockbench",
	"textures": {
		"0": "borukva-food:block/avocado_trapdoor",
		"particle": "borukva-food:block/avocado_trapdoor"
	},
	"elements": [
		{
			"from": [0, 0, 0],
			"to": [16, 16, 3],
			"rotation": {"angle": 0, "axis": "x", "origin": [0, 16, 3]},
			"faces": {
				"north": {"uv": [0, 0, 16, 16], "rotation": 180, "texture": "#0"},
				"east": {"uv": [0, 0, 16, 3], "rotation": 90, "texture": "#0"},
				"south": {"uv": [0, 0, 16, 16], "texture": "#0"},
				"west": {"uv": [0, 0, 16, 3], "rotation": 270, "texture": "#0"},
				"up": {"uv": [0, 0, 16, 3], "texture": "#0"},
				"down": {"uv": [0, 0, 16, 3], "rotation": 180, "texture": "#0"}
			}
		}
	],
	"display": {}
}