{
  "credit": "Made with Blockbench",
  "textures": {
    "0": "borukva-food:block/avocado_trapdoor",
    "particle": "borukva-food:block/avocado_trapdoor"
  },
  "elements": [
    {
      "from": [0, 13, 0],
      "to": [16, 16, 16],
      "rotation": {"angle": 0, "axis": "y", "origin": [0, 13, 16]},
      "color": 9,
      "faces": {
        "north": {"uv": [0, 0, 16, 3], "texture": "#0"},
        "east": {"uv": [0, 0, 16, 3], "texture": "#0"},
        "south": {"uv": [0, 0, 16, 3], "texture": "#0"},
        "west": {"uv": [0, 0, 16, 3], "texture": "#0"},
        "up": {"uv": [0, 0, 16, 16], "rotation": 270, "texture": "#0"},
        "down": {"uv": [0, 0, 16, 16], "rotation": 270, "texture": "#0"}
      }
    }
  ]
}