{
	"credit": "Made with Blockbench",
	"textures": {
		"0": "borukva-food:block/avocado_door",
		"particle": "borukva-food:block/avocado_door"
	},
	"elements": [
		{
			"from": [0, 0, 0],
			"to": [16, 32, 3],
			"rotation": {"angle": 0, "axis": "y", "origin": [16, 0, 3]},
			"faces": {
				"north": {"uv": [16, 0, 0, 16], "texture": "#0"},
				"east": {"uv": [0, 0, 3, 16], "texture": "#0"},
				"south": {"uv": [0, 0, 16, 16], "texture": "#0"},
				"west": {"uv": [0, 0, 3, 16], "texture": "#0"},
				"up": {"uv": [0, 0, 16, 3], "rotation": 180, "texture": "#0"},
				"down": {"uv": [0, 0, 16, 3], "rotation": 180, "texture": "#0"}
			}
		}
	],
	"display": {}
}