{
	"credit": "Made with Blockbench",
	"textures": {
		"2": "borukva-food:block/cutting_board"
	},
	"elements": [
		{
			"from": [1, 0, 1],
			"to": [15, 1, 15],
			"rotation": {"angle": 0, "axis": "y", "origin": [1, 0, 1]},
			"faces": {
				"north": {"uv": [0, 14, 14, 13], "texture": "#2"},
				"east": {"uv": [14, 14, 13, 0], "rotation": 90, "texture": "#2"},
				"south": {"uv": [14, 1, 0, 0], "texture": "#2"},
				"west": {"uv": [1, 14, 0, 0], "rotation": 270, "texture": "#2"},
				"up": {"uv": [14, 14, 0, 0], "texture": "#2"},
				"down": {"uv": [14, 14, 0, 0], "rotation": 180, "texture": "#2"}
			}
		}
	]
}