{
	"credit": "Made with Blockbench",
	"texture_size": [32, 32],
	"textures": {
		"6": "borukva-food:block/pan"
	},
	"elements": [
		{
			"from": [1, 0, 1],
			"to": [15, 1, 15],
			"faces": {
				"north": {"uv": [0, 8, 7, 8.5], "texture": "#6"},
				"east": {"uv": [0, 8, 7, 8.5], "texture": "#6"},
				"south": {"uv": [0, 8, 7, 8.5], "texture": "#6"},
				"west": {"uv": [0, 8, 7, 8.5], "texture": "#6"},
				"up": {"uv": [7, 7, 0, 0], "texture": "#6"},
				"down": {"uv": [7, 0, 0, 7], "texture": "#6"}
			}
		},
		{
			"from": [1, 1, 1],
			"to": [2, 3, 15],
			"faces": {
				"north": {"uv": [6, 9, 6.5, 10], "texture": "#6"},
				"east": {"uv": [0, 7, 7, 8], "texture": "#6"},
				"south": {"uv": [6, 9, 6.5, 10], "texture": "#6"},
				"west": {"uv": [7, 0, 14, 1], "texture": "#6"},
				"up": {"uv": [0.5, 15.5, 0, 8.5], "texture": "#6"},
				"down": {"uv": [1, 8.5, 0.5, 15.5], "texture": "#6"}
			}
		},
		{
			"from": [14, 1, 1],
			"to": [15, 3, 15],
			"rotation": {"angle": 0, "axis": "y", "origin": [13, 0, 0]},
			"faces": {
				"north": {"uv": [6, 9, 6.5, 10], "texture": "#6"},
				"east": {"uv": [7, 0, 14, 1], "texture": "#6"},
				"south": {"uv": [6, 9, 6.5, 10], "texture": "#6"},
				"west": {"uv": [0, 7, 7, 8], "texture": "#6"},
				"up": {"uv": [0.5, 15.5, 0, 8.5], "texture": "#6"},
				"down": {"uv": [1, 8.5, 0.5, 15.5], "texture": "#6"}
			}
		},
		{
			"from": [2, 1, 14],
			"to": [14, 3, 15],
			"faces": {
				"north": {"uv": [0, 7, 7, 8], "texture": "#6"},
				"south": {"uv": [7, 1, 13, 2], "texture": "#6"},
				"up": {"uv": [7, 9, 1, 8.5], "texture": "#6"},
				"down": {"uv": [14.5, 5, 8.5, 5.5], "texture": "#6"}
			}
		},
		{
			"from": [2, 1, 1],
			"to": [14, 3, 2],
			"rotation": {"angle": 0, "axis": "y", "origin": [0, 0, -13]},
			"faces": {
				"north": {"uv": [7, 1, 13, 2], "texture": "#6"},
				"south": {"uv": [0, 7, 7, 8], "texture": "#6"},
				"up": {"uv": [7, 9, 1, 8.5], "texture": "#6"},
				"down": {"uv": [14.5, 5, 8.5, 5.5], "texture": "#6"}
			}
		},
		{
			"from": [7, 0.5, 15],
			"to": [9, 2.5, 21],
			"rotation": {"angle": 0, "axis": "y", "origin": [7, 0.5, 19]},
			"faces": {
				"north": {"uv": [5, 9, 6, 10], "texture": "#6"},
				"east": {"uv": [8.5, 5.5, 11.5, 6.5], "texture": "#6"},
				"south": {"uv": [5, 9, 6, 10], "texture": "#6"},
				"west": {"uv": [8.5, 6.5, 11.5, 7.5], "texture": "#6"},
				"up": {"uv": [9.5, 10.5, 8.5, 7.5], "texture": "#6"},
				"down": {"uv": [2, 9, 1, 12], "texture": "#6"}
			}
		},
		{
			"from": [6.5, 0, 21],
			"to": [9.5, 3, 26],
			"rotation": {"angle": 0, "axis": "y", "origin": [7.5, 0, 30]},
			"faces": {
				"north": {"uv": [2, 9, 3.5, 10.5], "texture": "#6"},
				"east": {"uv": [7, 2, 9.5, 3.5], "texture": "#6"},
				"south": {"uv": [3.5, 9, 5, 10.5], "texture": "#6"},
				"west": {"uv": [7, 3.5, 9.5, 5], "texture": "#6"},
				"up": {"uv": [8.5, 7.5, 7, 5], "texture": "#6"},
				"down": {"uv": [8.5, 7.5, 7, 10], "texture": "#6"}
			}
		}
	],
	"display": {
		"thirdperson_righthand": {
			"rotation": [82, 0, 0],
			"translation": [0, 9.75, 3.25],
			"scale": [0.75, 0.75, 0.75]
		},
		"thirdperson_lefthand": {
			"rotation": [82, 0, 0],
			"translation": [0, 9.75, 3.25],
			"scale": [0.75, 0.75, 0.75]
		},
		"firstperson_righthand": {
			"rotation": [28.03, 19.37, -6.24],
			"translation": [4, 6.75, -14.25]
		},
		"firstperson_lefthand": {
			"rotation": [28.03, 19.37, -6.24],
			"translation": [4, 6.75, -14.25]
		},
		"ground": {
			"translation": [0, 5, 0],
			"scale": [0.75, 0.75, 0.75]
		},
		"gui": {
			"rotation": [100.37, -45.96, 33.4],
			"translation": [0, 2.5, 0],
			"scale": [0.75, 0.75, 0.75]
		},
		"head": {
			"rotation": [0, 0, 180]
		},
		"fixed": {
			"rotation": [-90, 0, 0],
			"translation": [0, 0, -11.75],
			"scale": [1.5, 1.5, 1.5]
		}
	},
	"groups": [
		{
			"name": "Pan",
			"origin": [0, 0, -13],
			"color": 0,
			"children": [0, 1, 2, 3, 4]
		},
		{
			"name": "Handle",
			"origin": [0, 0, -13],
			"color": 0,
			"children": [5, 6]
		}
	]
}