{
	"credit": "Made with Blockbench",
	"texture_size": [64, 64],
	"textures": {
		"3": "borukva-food:block/pot"
	},
	"elements": [
		{
			"from": [1, 0, 1],
			"to": [15, 11, 15],
			"rotation": {"angle": 0, "axis": "y", "origin": [13, 7, 0]},
			"faces": {
				"north": {"uv": [3.5, 0, 7, 2.75], "texture": "#3"},
				"east": {"uv": [3.5, 2.75, 7, 5.5], "texture": "#3"},
				"south": {"uv": [3.5, 5.5, 7, 8.25], "texture": "#3"},
				"west": {"uv": [0, 7, 3.5, 9.75], "texture": "#3"},
				"up": {"uv": [3.5, 3.5, 0, 0], "texture": "#3"},
				"down": {"uv": [3.5, 3.5, 0, 7], "texture": "#3"}
			}
		},
		{
			"from": [5, 8, 15],
			"to": [11, 10, 17],
			"rotation": {"angle": 0, "axis": "y", "origin": [6, 8.5, 14]},
			"faces": {
				"north": {"uv": [7, 0, 8.5, 0.5], "texture": "#3"},
				"east": {"uv": [7, 4, 7.5, 4.5], "texture": "#3"},
				"south": {"uv": [7, 0.5, 8.5, 1], "texture": "#3"},
				"west": {"uv": [7, 4.5, 7.5, 5], "texture": "#3"},
				"up": {"uv": [8.5, 1.5, 7, 1], "texture": "#3"},
				"down": {"uv": [8.5, 1.5, 7, 2], "texture": "#3"}
			}
		},
		{
			"from": [5, 8, -1],
			"to": [11, 10, 1],
			"rotation": {"angle": 0, "axis": "y", "origin": [6, 8.5, -2]},
			"faces": {
				"north": {"uv": [7, 2, 8.5, 2.5], "texture": "#3"},
				"east": {"uv": [7, 5, 7.5, 5.5], "texture": "#3"},
				"south": {"uv": [7, 2.5, 8.5, 3], "texture": "#3"},
				"west": {"uv": [7, 5.5, 7.5, 6], "texture": "#3"},
				"up": {"uv": [8.5, 3.5, 7, 3], "texture": "#3"},
				"down": {"uv": [8.5, 3.5, 7, 4], "texture": "#3"}
			}
		}
	],
	"display": {
		"thirdperson_righthand": {
			"rotation": [82, 0, 0],
			"translation": [0, 9.75, 3.25],
			"scale": [0.75, 0.75, 0.75]
		},
		"thirdperson_lefthand": {
			"rotation": [82, 0, 0],
			"translation": [0, 9.75, 3.25],
			"scale": [0.75, 0.75, 0.75]
		},
		"firstperson_righthand": {
			"rotation": [28.03, 19.37, -6.24],
			"translation": [4, 6.75, -14.25]
		},
		"firstperson_lefthand": {
			"rotation": [28.03, 19.37, -6.24],
			"translation": [4, 6.75, -14.25]
		},
		"ground": {
			"translation": [0, 5, 0],
			"scale": [0.75, 0.75, 0.75]
		},
		"gui": {
			"rotation": [100.37, -45.96, 33.4],
			"translation": [0, 2.5, 0],
			"scale": [0.75, 0.75, 0.75]
		},
		"head": {
			"rotation": [0, 0, 180]
		},
		"fixed": {
			"rotation": [-90, 0, 0],
			"translation": [0, 0, -11.75],
			"scale": [1.5, 1.5, 1.5]
		}
	},
	"groups": [
		{
			"name": "Pot",
			"origin": [0, 0, -13],
			"color": 0,
			"children": [0]
		},
		{
			"name": "Handles",
			"origin": [0, 0, -13],
			"color": 0,
			"children": [1, 2]
		}
	]
}