{
	"credit": "Made with Blockbench",
	"textures": {
		"2": "borukva-food:block/cutting_board"
	},
	"elements": [
		{
			"from": [1, 0, 1],
			"to": [15, 1, 15],
			"rotation": {"angle": 0, "axis": "y", "origin": [1, 0, 1]},
			"faces": {
				"north": {"uv": [0, 14, 14, 13], "texture": "#2"},
				"east": {"uv": [14, 14, 13, 0], "rotation": 90, "texture": "#2"},
				"south": {"uv": [14, 1, 0, 0], "texture": "#2"},
				"west": {"uv": [1, 14, 0, 0], "rotation": 270, "texture": "#2"},
				"up": {"uv": [14, 14, 0, 0], "texture": "#2"},
				"down": {"uv": [14, 14, 0, 0], "rotation": 180,"texture": "#2"}
			}
		}
	],
	"display": {
		"thirdperson_righthand": {
			"rotation": [90, 0, 0],
			"translation": [0, 2.5, 4.5],
			"scale": [0.5, 0.5, 0.5]
		},
		"thirdperson_lefthand": {
			"rotation": [90, 0, 0],
			"translation": [0, 2.5, 4.5],
			"scale": [0.5, 0.5, 0.5]
		},
		"firstperson_righthand": {
			"rotation": [88.56, 5.04, 106.08],
			"translation": [-3.75, 2.75, -4.75]
		},
		"firstperson_lefthand": {
			"rotation": [88.56, 5.04, 106.08],
			"translation": [-3.75, 2.75, -4.75]
		},
		"ground": {
			"translation": [0, 6.75, 0]
		},
		"gui": {
			"rotation": [-90, 0, 0],
			"translation": [0, 0, -16]
		},
		"fixed": {
			"rotation": [-90, 0, 0],
			"translation": [0, 0, -16],
			"scale": [2, 2, 2]
		}
	}
}