{
	"credit": "Made with Blockbench",
	"texture_size": [32, 32],
	"textures": {
		"0": "borukva-food:item/soil_analizator",
		"particle": "borukva-food:item/soil_analizator"
	},
	"elements": [
		{
			"from": [4, 0, 7],
			"to": [12, 2, 16],
			"rotation": {"angle": 0, "axis": "y", "origin": [0, 0, 6]},
			"faces": {
				"north": {"uv": [8, 2, 12, 3], "texture": "#0"},
				"east": {"uv": [8, 0, 12.5, 1], "texture": "#0"},
				"south": {"uv": [8, 3, 12, 4], "texture": "#0"},
				"west": {"uv": [8, 1, 12.5, 2], "texture": "#0"},
				"up": {"uv": [4, 4.5, 0, 0], "texture": "#0"},
				"down": {"uv": [8, 0, 4, 4.5], "texture": "#0"}
			}
		},
		{
			"from": [4.5, 1, -1],
			"to": [12.5, 1, 7],
			"rotation": {"angle": 0, "axis": "y", "origin": [7, 1, -1]},
			"faces": {
				"north": {"uv": [0, 0, 4, 0], "texture": "#0"},
				"east": {"uv": [0, 0, 4, 0], "texture": "#0"},
				"south": {"uv": [0, 0, 4, 0], "texture": "#0"},
				"west": {"uv": [0, 0, 4, 0], "texture": "#0"},
				"up": {"uv": [4, 8.5, 0, 4.5], "texture": "#0"},
				"down": {"uv": [8, 4.5, 4, 8.5], "texture": "#0"}
			}
		}
	],
	"display": {
		"thirdperson_righthand": {
			"rotation": [83.25, 0, 0],
			"translation": [0, 5, 7.5],
			"scale": [0.55, 1, 0.55]
		},
		"thirdperson_lefthand": {
			"rotation": [83.25, 0, 0],
			"translation": [0, 5, 7.5],
			"scale": [0.55, 1, 0.55]
		},
		"firstperson_righthand": {
			"rotation": [75, 0, 0],
			"translation": [2.25, 8.75, 4.75]
		},
		"firstperson_lefthand": {
			"rotation": [75, 0, 0],
			"translation": [2.25, 8.75, 4.75]
		},
		"ground": {
			"translation": [0, 5.25, 0]
		},
		"gui": {
			"rotation": [90, 0, 0],
			"scale": [0.95, 0.95, 0.95]
		},
		"head": {
			"translation": [0, 13.75, -3.5]
		},
		"fixed": {
			"rotation": [90, 0, 180],
			"translation": [0, 0, -6.5]
		}
	},
	"groups": [
		{
			"name": "group",
			"origin": [6.5, 1, 10],
			"color": 0,
			"children": [0, 1]
		}
	]
}