{
  "frying": {
    "subtitle": "subtitle.borukva-food.frying",
    "sounds": [
      "borukva-food:frying1",
      "borukva-food:frying2",
      "borukva-food:frying3"
    ]
  },
  "spraying": {
    "subtitle": "subtitle.borukva-food.spraying",
    "sounds": [
      "borukva-food:spraying1",
      "borukva-food:spraying2",
      "borukva-food:spraying3"
    ]
  },
  "boiling": {
    "subtitle": "subtitle.borukva-food.boiling",
    "sounds": [
      "borukva-food:boiling1",
      "borukva-food:boiling2",
      "borukva-food:boiling3"
    ]
  }
}